chunksize, num_threads, reps, res1, t1, res2, t2
1, 1, 01, -343021.474766, 1.642234, -25242644.603147, 8.678123
1, 1, 02, -343021.474766, 1.646073, -25242644.603147, 8.677359
1, 1, 03, -343021.474766, 1.641293, -25242644.603147, 8.675386
1, 1, 04, -343021.474766, 1.640593, -25242644.603147, 8.674390
1, 1, 05, -343021.474766, 1.642807, -25242644.603147, 8.675020
1, 1, 06, -343021.474766, 1.641544, -25242644.603147, 8.674191
1, 1, 07, -343021.474766, 1.640775, -25242644.603147, 8.673729
1, 1, 08, -343021.474766, 1.641664, -25242644.603147, 8.674698
1, 1, 09, -343021.474766, 1.641631, -25242644.603147, 8.674987
1, 1, 10, -343021.474766, 1.642596, -25242644.603147, 8.675238
1, 2, 01, -343021.474766, 0.927013, -25242644.603147, 4.555396
1, 2, 02, -343021.474766, 0.924951, -25242644.603147, 4.556409
1, 2, 03, -343021.474766, 0.927676, -25242644.603147, 4.556711
1, 2, 04, -343021.474766, 0.933006, -25242644.603147, 4.535630
1, 2, 05, -343021.474766, 0.922733, -25242644.603147, 4.551511
1, 2, 06, -343021.474766, 0.931290, -25242644.603147, 4.623958
1, 2, 07, -343021.474766, 0.855572, -25242644.603147, 4.442809
1, 2, 08, -343021.474766, 0.929526, -25242644.603147, 4.554785
1, 2, 09, -343021.474766, 0.928799, -25242644.603147, 4.558314
1, 2, 10, -343021.474766, 0.924358, -25242644.603147, 4.574414
1, 4, 01, -343021.474766, 0.452020, -25242644.603147, 2.783266
1, 4, 02, -343021.474766, 0.453852, -25242644.603147, 2.732699
1, 4, 03, -343021.474766, 0.453158, -25242644.603147, 2.656154
1, 4, 04, -343021.474766, 0.452527, -25242644.603147, 2.738863
1, 4, 05, -343021.474766, 0.454199, -25242644.603147, 2.713463
1, 4, 06, -343021.474766, 0.455855, -25242644.603147, 2.662311
1, 4, 07, -343021.474766, 0.454846, -25242644.603147, 2.668034
1, 4, 08, -343021.474766, 0.452638, -25242644.603147, 2.791697
1, 4, 09, -343021.474766, 0.454633, -25242644.603147, 2.663241
1, 4, 10, -343021.474766, 0.453732, -25242644.603147, 2.773666
1, 6, 01, -343021.474766, 0.310950, -25242644.603147, 2.065817
1, 6, 02, -343021.474766, 0.309579, -25242644.603147, 2.081107
1, 6, 03, -343021.474766, 0.304619, -25242644.603147, 2.060641
1, 6, 04, -343021.474766, 0.305315, -25242644.603147, 2.023647
1, 6, 05, -343021.474766, 0.305661, -25242644.603147, 2.021605
1, 6, 06, -343021.474766, 0.320150, -25242644.603147, 2.001953
1, 6, 07, -343021.474766, 0.305335, -25242644.603147, 1.945053
1, 6, 08, -343021.474766, 0.305319, -25242644.603147, 2.023007
1, 6, 09, -343021.474766, 0.308923, -25242644.603147, 1.928555
1, 6, 10, -343021.474766, 0.304635, -25242644.603147, 1.993937
1, 8, 01, -343021.474766, 0.231774, -25242644.603147, 1.600947
1, 8, 02, -343021.474766, 0.243749, -25242644.603147, 1.818622
1, 8, 03, -343021.474766, 0.242966, -25242644.603147, 1.655449
1, 8, 04, -343021.474766, 0.249862, -25242644.603147, 1.657186
1, 8, 05, -343021.474766, 0.232326, -25242644.603147, 1.575692
1, 8, 06, -343021.474766, 0.242322, -25242644.603147, 1.634670
1, 8, 07, -343021.474766, 0.233112, -25242644.603147, 1.621828
1, 8, 08, -343021.474766, 0.232802, -25242644.603147, 1.593549
1, 8, 09, -343021.474766, 0.231710, -25242644.603147, 1.681872
1, 8, 10, -343021.474766, 0.231582, -25242644.603147, 1.564474
1, 16, 01, -343021.474766, 0.127830, -25242644.603147, 0.938630
1, 16, 02, -343021.474766, 0.127658, -25242644.603147, 0.881120
1, 16, 03, -343021.474766, 0.133806, -25242644.603147, 1.054337
1, 16, 04, -343021.474766, 0.130621, -25242644.603147, 0.872277
1, 16, 05, -343021.474766, 0.127566, -25242644.603147, 0.928209
1, 16, 06, -343021.474766, 0.137755, -25242644.603147, 0.907078
1, 16, 07, -343021.474766, 0.125378, -25242644.603147, 0.947524
1, 16, 08, -343021.474766, 0.124507, -25242644.603147, 0.877075
1, 16, 09, -343021.474766, 0.129900, -25242644.603147, 0.868608
1, 16, 10, -343021.474766, 0.128917, -25242644.603147, 0.883422
2, 1, 01, -343021.474766, 1.641320, -25242644.603147, 8.675575
2, 1, 02, -343021.474766, 1.641639, -25242644.603147, 8.673751
2, 1, 03, -343021.474766, 1.641436, -25242644.603147, 8.673868
2, 1, 04, -343021.474766, 1.641628, -25242644.603147, 8.674194
2, 1, 05, -343021.474766, 1.640662, -25242644.603147, 8.674900
2, 1, 06, -343021.474766, 1.642506, -25242644.603147, 8.674519
2, 1, 07, -343021.474766, 1.641119, -25242644.603147, 8.674994
2, 1, 08, -343021.474766, 1.640796, -25242644.603147, 8.674873
2, 1, 09, -343021.474766, 1.641341, -25242644.603147, 8.673631
2, 1, 10, -343021.474766, 1.643128, -25242644.603147, 8.673752
2, 2, 01, -343021.474766, 0.883071, -25242644.603147, 4.525380
2, 2, 02, -343021.474766, 0.884055, -25242644.603147, 4.550706
2, 2, 03, -343021.474766, 0.887827, -25242644.603147, 4.547313
2, 2, 04, -343021.474766, 0.886326, -25242644.603147, 4.547477
2, 2, 05, -343021.474766, 0.884672, -25242644.603147, 4.568747
2, 2, 06, -343021.474766, 0.883217, -25242644.603147, 4.539836
2, 2, 07, -343021.474766, 0.888712, -25242644.603147, 4.551416
2, 2, 08, -343021.474766, 0.882869, -25242644.603147, 4.537306
2, 2, 09, -343021.474766, 0.884565, -25242644.603147, 4.529227
2, 2, 10, -343021.474766, 0.885715, -25242644.603147, 4.521320
2, 4, 01, -343021.474766, 0.441864, -25242644.603147, 2.702528
2, 4, 02, -343021.474766, 0.441146, -25242644.603147, 2.692374
2, 4, 03, -343021.474766, 0.442220, -25242644.603147, 2.698151
2, 4, 04, -343021.474766, 0.439800, -25242644.603147, 2.692944
2, 4, 05, -343021.474766, 0.440909, -25242644.603147, 2.665444
2, 4, 06, -343021.474766, 0.441631, -25242644.603147, 2.720597
2, 4, 07, -343021.474766, 0.461398, -25242644.603147, 2.587321
2, 4, 08, -343021.474766, 0.440335, -25242644.603147, 2.808569
2, 4, 09, -343021.474766, 0.440495, -25242644.603147, 2.752588
2, 4, 10, -343021.474766, 0.439270, -25242644.603147, 2.744985
2, 6, 01, -343021.474766, 0.297419, -25242644.603147, 1.817408
2, 6, 02, -343021.474766, 0.292682, -25242644.603147, 1.788659
2, 6, 03, -343021.474766, 0.293151, -25242644.603147, 1.806853
2, 6, 04, -343021.474766, 0.311379, -25242644.603147, 1.771556
2, 6, 05, -343021.474766, 0.310289, -25242644.603147, 1.813938
2, 6, 06, -343021.474766, 0.294271, -25242644.603147, 1.773319
2, 6, 07, -343021.474766, 0.303207, -25242644.603147, 1.775131
2, 6, 08, -343021.474766, 0.293753, -25242644.603147, 1.808940
2, 6, 09, -343021.474766, 0.294178, -25242644.603147, 1.788571
2, 6, 10, -343021.474766, 0.292768, -25242644.603147, 1.800047
2, 8, 01, -343021.474766, 0.234186, -25242644.603147, 1.348527
2, 8, 02, -343021.474766, 0.235851, -25242644.603147, 1.326580
2, 8, 03, -343021.474766, 0.223090, -25242644.603147, 1.282497
2, 8, 04, -343021.474766, 0.231484, -25242644.603147, 1.328481
2, 8, 05, -343021.474766, 0.222061, -25242644.603147, 1.328028
2, 8, 06, -343021.474766, 0.222180, -25242644.603147, 1.298780
2, 8, 07, -343021.474766, 0.220674, -25242644.603147, 1.326453
2, 8, 08, -343021.474766, 0.225098, -25242644.603147, 1.375259
2, 8, 09, -343021.474766, 0.220770, -25242644.603147, 1.311627
2, 8, 10, -343021.474766, 0.221163, -25242644.603147, 1.340032
2, 16, 01, -343021.474766, 0.120796, -25242644.603147, 0.772771
2, 16, 02, -343021.474766, 0.129339, -25242644.603147, 0.781499
2, 16, 03, -343021.474766, 0.125496, -25242644.603147, 0.796214
2, 16, 04, -343021.474766, 0.119927, -25242644.603147, 0.768131
2, 16, 05, -343021.474766, 0.124176, -25242644.603147, 0.797777
2, 16, 06, -343021.474766, 0.121523, -25242644.603147, 0.804028
2, 16, 07, -343021.474766, 0.123918, -25242644.603147, 0.735110
2, 16, 08, -343021.474766, 0.120276, -25242644.603147, 0.761538
2, 16, 09, -343021.474766, 0.123843, -25242644.603147, 0.756891
2, 16, 10, -343021.474766, 0.125495, -25242644.603147, 0.842827
4, 1, 01, -343021.474766, 1.640870, -25242644.603147, 8.674472
4, 1, 02, -343021.474766, 1.641816, -25242644.603147, 8.673635
4, 1, 03, -343021.474766, 1.640992, -25242644.603147, 8.673608
4, 1, 04, -343021.474766, 1.640927, -25242644.603147, 8.684649
4, 1, 05, -343021.474766, 1.640980, -25242644.603147, 8.672672
4, 1, 06, -343021.474766, 1.641101, -25242644.603147, 8.675414
4, 1, 07, -343021.474766, 1.641379, -25242644.603147, 8.674128
4, 1, 08, -343021.474766, 1.641689, -25242644.603147, 8.674902
4, 1, 09, -343021.474766, 1.640769, -25242644.603147, 8.675399
4, 1, 10, -343021.474766, 1.642883, -25242644.603147, 8.674815
4, 2, 01, -343021.474766, 0.867564, -25242644.603147, 4.539338
4, 2, 02, -343021.474766, 0.864539, -25242644.603147, 4.564085
4, 2, 03, -343021.474766, 0.864927, -25242644.603147, 4.533942
4, 2, 04, -343021.474766, 0.865239, -25242644.603147, 4.534821
4, 2, 05, -343021.474766, 0.865665, -25242644.603147, 4.535520
4, 2, 06, -343021.474766, 0.867524, -25242644.603147, 4.557580
4, 2, 07, -343021.474766, 0.865056, -25242644.603147, 4.554823
4, 2, 08, -343021.474766, 0.865455, -25242644.603147, 4.537961
4, 2, 09, -343021.474766, 0.865082, -25242644.603147, 4.539220
4, 2, 10, -343021.474766, 0.865880, -25242644.603147, 4.557380
4, 4, 01, -343021.474766, 0.432313, -25242644.603147, 2.312647
4, 4, 02, -343021.474766, 0.431606, -25242644.603147, 2.320278
4, 4, 03, -343021.474766, 0.428310, -25242644.603147, 2.352948
4, 4, 04, -343021.474766, 0.426509, -25242644.603147, 2.325057
4, 4, 05, -343021.474766, 0.431670, -25242644.603147, 2.325023
4, 4, 06, -343021.474766, 0.430950, -25242644.603147, 2.312415
4, 4, 07, -343021.474766, 0.431703, -25242644.603147, 2.319491
4, 4, 08, -343021.474766, 0.431923, -25242644.603147, 2.356171
4, 4, 09, -343021.474766, 0.428712, -25242644.603147, 2.329180
4, 4, 10, -343021.474766, 0.432684, -25242644.603147, 2.316890
4, 6, 01, -343021.474766, 0.305387, -25242644.603147, 1.664457
4, 6, 02, -343021.474766, 0.290152, -25242644.603147, 1.665897
4, 6, 03, -343021.474766, 0.288257, -25242644.603147, 1.656890
4, 6, 04, -343021.474766, 0.310805, -25242644.603147, 1.667710
4, 6, 05, -343021.474766, 0.305374, -25242644.603147, 1.676054
4, 6, 06, -343021.474766, 0.289405, -25242644.603147, 1.672600
4, 6, 07, -343021.474766, 0.288196, -25242644.603147, 1.668250
4, 6, 08, -343021.474766, 0.288115, -25242644.603147, 1.670086
4, 6, 09, -343021.474766, 0.290033, -25242644.603147, 1.665942
4, 6, 10, -343021.474766, 0.289263, -25242644.603147, 1.655653
4, 8, 01, -343021.474766, 0.219947, -25242644.603147, 1.237515
4, 8, 02, -343021.474766, 0.219269, -25242644.603147, 1.241303
4, 8, 03, -343021.474766, 0.218480, -25242644.603147, 1.244300
4, 8, 04, -343021.474766, 0.229546, -25242644.603147, 1.235434
4, 8, 05, -343021.474766, 0.219361, -25242644.603147, 1.245057
4, 8, 06, -343021.474766, 0.217335, -25242644.603147, 1.233944
4, 8, 07, -343021.474766, 0.217252, -25242644.603147, 1.241657
4, 8, 08, -343021.474766, 0.218868, -25242644.603147, 1.243276
4, 8, 09, -343021.474766, 0.228624, -25242644.603147, 1.214117
4, 8, 10, -343021.474766, 0.230056, -25242644.603147, 1.249261
4, 16, 01, -343021.474766, 0.124709, -25242644.603147, 0.738533
4, 16, 02, -343021.474766, 0.122237, -25242644.603147, 0.730139
4, 16, 03, -343021.474766, 0.122183, -25242644.603147, 0.747526
4, 16, 04, -343021.474766, 0.122496, -25242644.603147, 0.726123
4, 16, 05, -343021.474766, 0.119032, -25242644.603147, 0.782227
4, 16, 06, -343021.474766, 0.117365, -25242644.603147, 0.737322
4, 16, 07, -343021.474766, 0.119602, -25242644.603147, 0.730954
4, 16, 08, -343021.474766, 0.118638, -25242644.603147, 0.717740
4, 16, 09, -343021.474766, 0.116477, -25242644.603147, 0.739566
4, 16, 10, -343021.474766, 0.117465, -25242644.603147, 0.722400
8, 1, 01, -343021.474766, 1.641566, -25242644.603147, 8.674817
8, 1, 02, -343021.474766, 1.640696, -25242644.603147, 8.676579
8, 1, 03, -343021.474766, 1.640850, -25242644.603147, 8.675416
8, 1, 04, -343021.474766, 1.640835, -25242644.603147, 8.675158
8, 1, 05, -343021.474766, 1.640860, -25242644.603147, 8.676348
8, 1, 06, -343021.474766, 1.641537, -25242644.603147, 8.675631
8, 1, 07, -343021.474766, 1.645675, -25242644.603147, 8.673325
8, 1, 08, -343021.474766, 1.640903, -25242644.603147, 8.672661
8, 1, 09, -343021.474766, 1.642639, -25242644.603147, 8.671907
8, 1, 10, -343021.474766, 1.641301, -25242644.603147, 8.675476
8, 2, 01, -343021.474766, 0.844873, -25242644.603147, 4.411545
8, 2, 02, -343021.474766, 0.845297, -25242644.603147, 4.414109
8, 2, 03, -343021.474766, 0.844894, -25242644.603147, 4.410853
8, 2, 04, -343021.474766, 0.847874, -25242644.603147, 4.412718
8, 2, 05, -343021.474766, 0.844576, -25242644.603147, 4.417698
8, 2, 06, -343021.474766, 0.844641, -25242644.603147, 4.413072
8, 2, 07, -343021.474766, 0.845607, -25242644.603147, 4.413969
8, 2, 08, -343021.474766, 0.845610, -25242644.603147, 4.412178
8, 2, 09, -343021.474766, 0.845187, -25242644.603147, 4.411881
8, 2, 10, -343021.474766, 0.845340, -25242644.603147, 4.414556
8, 4, 01, -343021.474766, 0.427577, -25242644.603147, 2.210114
8, 4, 02, -343021.474766, 0.426042, -25242644.603147, 2.210403
8, 4, 03, -343021.474766, 0.424847, -25242644.603147, 2.209815
8, 4, 04, -343021.474766, 0.426492, -25242644.603147, 2.210026
8, 4, 05, -343021.474766, 0.425910, -25242644.603147, 2.210329
8, 4, 06, -343021.474766, 0.425753, -25242644.603147, 2.210175
8, 4, 07, -343021.474766, 0.426132, -25242644.603147, 2.210227
8, 4, 08, -343021.474766, 0.425022, -25242644.603147, 2.210112
8, 4, 09, -343021.474766, 0.426036, -25242644.603147, 2.210100
8, 4, 10, -343021.474766, 0.425455, -25242644.603147, 2.209626
8, 6, 01, -343021.474766, 0.309675, -25242644.603147, 1.558544
8, 6, 02, -343021.474766, 0.284938, -25242644.603147, 1.558102
8, 6, 03, -343021.474766, 0.301961, -25242644.603147, 1.559039
8, 6, 04, -343021.474766, 0.286207, -25242644.603147, 1.558667
8, 6, 05, -343021.474766, 0.306858, -25242644.603147, 1.558836
8, 6, 06, -343021.474766, 0.284955, -25242644.603147, 1.558654
8, 6, 07, -343021.474766, 0.285432, -25242644.603147, 1.559056
8, 6, 08, -343021.474766, 0.287785, -25242644.603147, 1.557917
8, 6, 09, -343021.474766, 0.286011, -25242644.603147, 1.558365
8, 6, 10, -343021.474766, 0.285090, -25242644.603147, 1.558832
8, 8, 01, -343021.474766, 0.215476, -25242644.603147, 1.170500
8, 8, 02, -343021.474766, 0.216419, -25242644.603147, 1.170503
8, 8, 03, -343021.474766, 0.217564, -25242644.603147, 1.170865
8, 8, 04, -343021.474766, 0.215568, -25242644.603147, 1.170683
8, 8, 05, -343021.474766, 0.214994, -25242644.603147, 1.170919
8, 8, 06, -343021.474766, 0.218589, -25242644.603147, 1.170450
8, 8, 07, -343021.474766, 0.215682, -25242644.603147, 1.170691
8, 8, 08, -343021.474766, 0.214959, -25242644.603147, 1.170674
8, 8, 09, -343021.474766, 0.215898, -25242644.603147, 1.170508
8, 8, 10, -343021.474766, 0.214425, -25242644.603147, 1.170437
8, 16, 01, -343021.474766, 0.127843, -25242644.603147, 1.040825
8, 16, 02, -343021.474766, 0.114760, -25242644.603147, 1.041087
8, 16, 03, -343021.474766, 0.113642, -25242644.603147, 1.041079
8, 16, 04, -343021.474766, 0.114042, -25242644.603147, 1.040981
8, 16, 05, -343021.474766, 0.123174, -25242644.603147, 1.044918
8, 16, 06, -343021.474766, 0.118067, -25242644.603147, 1.167676
8, 16, 07, -343021.474766, 0.131326, -25242644.603147, 1.041705
8, 16, 08, -343021.474766, 0.116429, -25242644.603147, 1.040864
8, 16, 09, -343021.474766, 0.128897, -25242644.603147, 1.041305
8, 16, 10, -343021.474766, 0.123488, -25242644.603147, 1.066797
16, 1, 01, -343021.474766, 1.641154, -25242644.603147, 8.673164
16, 1, 02, -343021.474766, 1.641578, -25242644.603147, 8.675024
16, 1, 03, -343021.474766, 1.640514, -25242644.603147, 8.675280
16, 1, 04, -343021.474766, 1.641495, -25242644.603147, 8.675105
16, 1, 05, -343021.474766, 1.641191, -25242644.603147, 8.674089
16, 1, 06, -343021.474766, 1.640861, -25242644.603147, 8.676554
16, 1, 07, -343021.474766, 1.641446, -25242644.603147, 8.674377
16, 1, 08, -343021.474766, 1.641615, -25242644.603147, 8.673808
16, 1, 09, -343021.474766, 1.641151, -25242644.603147, 8.676853
16, 1, 10, -343021.474766, 1.641359, -25242644.603147, 8.672127
16, 2, 01, -343021.474766, 0.841570, -25242644.603147, 4.410723
16, 2, 02, -343021.474766, 0.836937, -25242644.603147, 4.413852
16, 2, 03, -343021.474766, 0.835327, -25242644.603147, 4.410099
16, 2, 04, -343021.474766, 0.836225, -25242644.603147, 4.410437
16, 2, 05, -343021.474766, 0.838195, -25242644.603147, 4.410717
16, 2, 06, -343021.474766, 0.835739, -25242644.603147, 4.408807
16, 2, 07, -343021.474766, 0.839509, -25242644.603147, 4.413022
16, 2, 08, -343021.474766, 0.836270, -25242644.603147, 4.408278
16, 2, 09, -343021.474766, 0.838280, -25242644.603147, 4.412414
16, 2, 10, -343021.474766, 0.838729, -25242644.603147, 4.411453
16, 4, 01, -343021.474766, 0.422024, -25242644.603147, 2.208783
16, 4, 02, -343021.474766, 0.423112, -25242644.603147, 2.208346
16, 4, 03, -343021.474766, 0.422083, -25242644.603147, 2.208328
16, 4, 04, -343021.474766, 0.422605, -25242644.603147, 2.208086
16, 4, 05, -343021.474766, 0.422749, -25242644.603147, 2.208180
16, 4, 06, -343021.474766, 0.420381, -25242644.603147, 2.208127
16, 4, 07, -343021.474766, 0.420220, -25242644.603147, 2.208355
16, 4, 08, -343021.474766, 0.422802, -25242644.603147, 2.208189
16, 4, 09, -343021.474766, 0.422339, -25242644.603147, 2.208586
16, 4, 10, -343021.474766, 0.422813, -25242644.603147, 2.208701
16, 6, 01, -343021.474766, 0.287523, -25242644.603147, 2.075638
16, 6, 02, -343021.474766, 0.283949, -25242644.603147, 2.076013
16, 6, 03, -343021.474766, 0.286249, -25242644.603147, 2.077056
16, 6, 04, -343021.474766, 0.287549, -25242644.603147, 2.076427
16, 6, 05, -343021.474766, 0.287771, -25242644.603147, 2.077060
16, 6, 06, -343021.474766, 0.284711, -25242644.603147, 2.075976
16, 6, 07, -343021.474766, 0.300173, -25242644.603147, 2.076262
16, 6, 08, -343021.474766, 0.284886, -25242644.603147, 2.076510
16, 6, 09, -343021.474766, 0.288944, -25242644.603147, 2.074688
16, 6, 10, -343021.474766, 0.285751, -25242644.603147, 2.076005
16, 8, 01, -343021.474766, 0.217778, -25242644.603147, 2.075734
16, 8, 02, -343021.474766, 0.217250, -25242644.603147, 2.076515
16, 8, 03, -343021.474766, 0.217431, -25242644.603147, 2.076326
16, 8, 04, -343021.474766, 0.215938, -25242644.603147, 2.075324
16, 8, 05, -343021.474766, 0.216829, -25242644.603147, 2.075635
16, 8, 06, -343021.474766, 0.215914, -25242644.603147, 2.075442
16, 8, 07, -343021.474766, 0.217341, -25242644.603147, 2.075754
16, 8, 08, -343021.474766, 0.216540, -25242644.603147, 2.075656
16, 8, 09, -343021.474766, 0.219680, -25242644.603147, 2.075203
16, 8, 10, -343021.474766, 0.217863, -25242644.603147, 2.075937
16, 16, 01, -343021.474766, 0.138408, -25242644.603147, 2.131941
16, 16, 02, -343021.474766, 0.124269, -25242644.603147, 2.075974
16, 16, 03, -343021.474766, 0.132549, -25242644.603147, 2.163389
16, 16, 04, -343021.474766, 0.135829, -25242644.603147, 2.080436
16, 16, 05, -343021.474766, 0.145553, -25242644.603147, 2.076119
16, 16, 06, -343021.474766, 0.133082, -25242644.603147, 2.220182
16, 16, 07, -343021.474766, 0.121720, -25242644.603147, 2.075197
16, 16, 08, -343021.474766, 0.121726, -25242644.603147, 2.076197
16, 16, 09, -343021.474766, 0.129637, -25242644.603147, 2.076321
16, 16, 10, -343021.474766, 0.121617, -25242644.603147, 2.087933
32, 1, 01, -343021.474766, 1.640719, -25242644.603147, 8.675943
32, 1, 02, -343021.474766, 1.641158, -25242644.603147, 8.676504
32, 1, 03, -343021.474766, 1.640869, -25242644.603147, 8.675673
32, 1, 04, -343021.474766, 1.641035, -25242644.603147, 8.675596
32, 1, 05, -343021.474766, 1.640244, -25242644.603147, 8.674986
32, 1, 06, -343021.474766, 1.640920, -25242644.603147, 8.675152
32, 1, 07, -343021.474766, 1.641061, -25242644.603147, 8.675459
32, 1, 08, -343021.474766, 1.640207, -25242644.603147, 8.674195
32, 1, 09, -343021.474766, 1.641168, -25242644.603147, 8.674204
32, 1, 10, -343021.474766, 1.641190, -25242644.603147, 8.673847
32, 2, 01, -343021.474766, 0.829317, -25242644.603147, 4.407303
32, 2, 02, -343021.474766, 0.828507, -25242644.603147, 4.405460
32, 2, 03, -343021.474766, 0.829016, -25242644.603147, 4.404267
32, 2, 04, -343021.474766, 0.829967, -25242644.603147, 4.404609
32, 2, 05, -343021.474766, 0.828575, -25242644.603147, 4.406640
32, 2, 06, -343021.474766, 0.833533, -25242644.603147, 4.404365
32, 2, 07, -343021.474766, 0.829789, -25242644.603147, 4.403579
32, 2, 08, -343021.474766, 0.828065, -25242644.603147, 4.408218
32, 2, 09, -343021.474766, 0.831062, -25242644.603147, 4.405287
32, 2, 10, -343021.474766, 0.831028, -25242644.603147, 4.405169
32, 4, 01, -343021.474766, 0.425758, -25242644.603147, 3.887190
32, 4, 02, -343021.474766, 0.421042, -25242644.603147, 3.888024
32, 4, 03, -343021.474766, 0.422502, -25242644.603147, 3.888327
32, 4, 04, -343021.474766, 0.423252, -25242644.603147, 3.887771
32, 4, 05, -343021.474766, 0.419024, -25242644.603147, 3.889721
32, 4, 06, -343021.474766, 0.420408, -25242644.603147, 3.888264
32, 4, 07, -343021.474766, 0.419368, -25242644.603147, 3.888371
32, 4, 08, -343021.474766, 0.420553, -25242644.603147, 3.888727
32, 4, 09, -343021.474766, 0.419573, -25242644.603147, 3.889733
32, 4, 10, -343021.474766, 0.427844, -25242644.603147, 3.888348
32, 6, 01, -343021.474766, 0.288707, -25242644.603147, 3.890549
32, 6, 02, -343021.474766, 0.286239, -25242644.603147, 3.890323
32, 6, 03, -343021.474766, 0.304148, -25242644.603147, 3.889914
32, 6, 04, -343021.474766, 0.288092, -25242644.603147, 3.890140
32, 6, 05, -343021.474766, 0.305401, -25242644.603147, 3.890086
32, 6, 06, -343021.474766, 0.287791, -25242644.603147, 3.888780
32, 6, 07, -343021.474766, 0.287654, -25242644.603147, 3.889405
32, 6, 08, -343021.474766, 0.329784, -25242644.603147, 3.890717
32, 6, 09, -343021.474766, 0.316764, -25242644.603147, 3.889570
32, 6, 10, -343021.474766, 0.287554, -25242644.603147, 3.888433
32, 8, 01, -343021.474766, 0.248078, -25242644.603147, 3.890290
32, 8, 02, -343021.474766, 0.232007, -25242644.603147, 3.890534
32, 8, 03, -343021.474766, 0.247948, -25242644.603147, 3.888831
32, 8, 04, -343021.474766, 0.232756, -25242644.603147, 3.889341
32, 8, 05, -343021.474766, 0.233311, -25242644.603147, 3.889356
32, 8, 06, -343021.474766, 0.233293, -25242644.603147, 3.886953
32, 8, 07, -343021.474766, 0.253003, -25242644.603147, 3.889705
32, 8, 08, -343021.474766, 0.251178, -25242644.603147, 3.888881
32, 8, 09, -343021.474766, 0.232612, -25242644.603147, 3.889293
32, 8, 10, -343021.474766, 0.247639, -25242644.603147, 3.891163
32, 16, 01, -343021.474766, 0.152899, -25242644.603147, 3.889884
32, 16, 02, -343021.474766, 0.182735, -25242644.603147, 3.890218
32, 16, 03, -343021.474766, 0.210045, -25242644.603147, 3.890151
32, 16, 04, -343021.474766, 0.177494, -25242644.603147, 3.890323
32, 16, 05, -343021.474766, 0.149695, -25242644.603147, 3.891201
32, 16, 06, -343021.474766, 0.178252, -25242644.603147, 3.890583
32, 16, 07, -343021.474766, 0.195646, -25242644.603147, 3.890321
32, 16, 08, -343021.474766, 0.149341, -25242644.603147, 3.890374
32, 16, 09, -343021.474766, 0.184093, -25242644.603147, 3.888052
32, 16, 10, -343021.474766, 0.146319, -25242644.603147, 4.036277
64, 1, 01, -343021.474766, 1.641431, -25242644.603147, 8.674071
64, 1, 02, -343021.474766, 1.641026, -25242644.603147, 8.674631
64, 1, 03, -343021.474766, 1.640972, -25242644.603147, 8.677611
64, 1, 04, -343021.474766, 1.642055, -25242644.603147, 8.675692
64, 1, 05, -343021.474766, 1.641422, -25242644.603147, 8.676427
64, 1, 06, -343021.474766, 1.641290, -25242644.603147, 8.674430
64, 1, 07, -343021.474766, 1.641559, -25242644.603147, 8.675493
64, 1, 08, -343021.474766, 1.640683, -25242644.603147, 8.675406
64, 1, 09, -343021.474766, 1.641930, -25242644.603147, 8.674212
64, 1, 10, -343021.474766, 1.643841, -25242644.603147, 8.694324
64, 2, 01, -343021.474766, 0.828632, -25242644.603147, 4.921775
64, 2, 02, -343021.474766, 0.826069, -25242644.603147, 4.924501
64, 2, 03, -343021.474766, 0.825026, -25242644.603147, 4.920230
64, 2, 04, -343021.474766, 0.825380, -25242644.603147, 4.924358
64, 2, 05, -343021.474766, 0.826541, -25242644.603147, 4.921839
64, 2, 06, -343021.474766, 0.825595, -25242644.603147, 4.919633
64, 2, 07, -343021.474766, 0.825344, -25242644.603147, 4.920742
64, 2, 08, -343021.474766, 0.825492, -25242644.603147, 4.921200
64, 2, 09, -343021.474766, 0.830592, -25242644.603147, 4.921126
64, 2, 10, -343021.474766, 0.827495, -25242644.603147, 4.921502
64, 4, 01, -343021.474766, 0.455025, -25242644.603147, 4.924139
64, 4, 02, -343021.474766, 0.454917, -25242644.603147, 4.924089
64, 4, 03, -343021.474766, 0.451815, -25242644.603147, 4.926078
64, 4, 04, -343021.474766, 0.452361, -25242644.603147, 4.925054
64, 4, 05, -343021.474766, 0.452066, -25242644.603147, 4.926680
64, 4, 06, -343021.474766, 0.451591, -25242644.603147, 4.927557
64, 4, 07, -343021.474766, 0.451569, -25242644.603147, 4.925514
64, 4, 08, -343021.474766, 0.452247, -25242644.603147, 4.925526
64, 4, 09, -343021.474766, 0.451538, -25242644.603147, 4.924573
64, 4, 10, -343021.474766, 0.451769, -25242644.603147, 4.928346
64, 6, 01, -343021.474766, 0.327994, -25242644.603147, 4.927280
64, 6, 02, -343021.474766, 0.332545, -25242644.603147, 4.927236
64, 6, 03, -343021.474766, 0.290109, -25242644.603147, 4.926541
64, 6, 04, -343021.474766, 0.315892, -25242644.603147, 4.926958
64, 6, 05, -343021.474766, 0.287372, -25242644.603147, 4.925734
64, 6, 06, -343021.474766, 0.289418, -25242644.603147, 4.926190
64, 6, 07, -343021.474766, 0.290938, -25242644.603147, 4.926646
64, 6, 08, -343021.474766, 0.330456, -25242644.603147, 4.928137
64, 6, 09, -343021.474766, 0.314470, -25242644.603147, 4.927242
64, 6, 10, -343021.474766, 0.326363, -25242644.603147, 4.927310
64, 8, 01, -343021.474766, 0.283790, -25242644.603147, 4.925935
64, 8, 02, -343021.474766, 0.295432, -25242644.603147, 4.925638
64, 8, 03, -343021.474766, 0.282208, -25242644.603147, 4.924111
64, 8, 04, -343021.474766, 0.282369, -25242644.603147, 4.927351
64, 8, 05, -343021.474766, 0.283541, -25242644.603147, 4.925427
64, 8, 06, -343021.474766, 0.283924, -25242644.603147, 5.108815
64, 8, 07, -343021.474766, 0.282741, -25242644.603147, 4.926272
64, 8, 08, -343021.474766, 0.320332, -25242644.603147, 4.926428
64, 8, 09, -343021.474766, 0.283249, -25242644.603147, 4.927905
64, 8, 10, -343021.474766, 0.301213, -25242644.603147, 4.926033
64, 16, 01, -343021.474766, 0.313432, -25242644.603147, 4.926075
64, 16, 02, -343021.474766, 0.289636, -25242644.603147, 4.957365
64, 16, 03, -343021.474766, 0.284543, -25242644.603147, 4.937785
64, 16, 04, -343021.474766, 0.282298, -25242644.603147, 5.086948
64, 16, 05, -343021.474766, 0.289810, -25242644.603147, 4.926843
64, 16, 06, -343021.474766, 0.286497, -25242644.603147, 4.971416
64, 16, 07, -343021.474766, 0.281783, -25242644.603147, 4.989013
64, 16, 08, -343021.474766, 0.326762, -25242644.603147, 4.968202
64, 16, 09, -343021.474766, 0.304822, -25242644.603147, 4.928239
64, 16, 10, -343021.474766, 0.280583, -25242644.603147, 4.927339
